id,cardHolder,cardNumber,amount,timeOfTransaction,suspiciousActivity
1,John Doe,1234567812345670,458.75,2024-08-01T08:32:15,false
2,Jane Smith,2345678923456781,1025.00,2024-08-01T09:15:23,false
3,Emily Johnson,3456789034567892,234.99,2024-08-01T10:45:42,false
4,Michael Brown,4567890145678903,120.50,2024-08-01T11:23:01,false
5,Linda White,5678901256789014,4567.25,2024-08-01T12:12:45,false
6,David Green,6789012367890125,67.45,2024-08-01T13:08:30,false
7,Susan Miller,7890123478901236,980.00,2024-08-01T14:21:50,false
8,Robert Davis,8901234589012347,512.20,2024-08-01T15:35:10,false
9,Mary Wilson,9012345690123458,799.50,2024-08-01T16:00:00,false
10,James Moore,0123456701234569,3420.00,2024-08-01T17:45:00,false
11,Patricia Taylor,1234567812345670,730.00,2024-08-01T18:05:00,false
12,Michael Anderson,2345678923456781,15000.01,2024-08-01T18:20:00,false
13,Linda Thomas,3456789034567892,222.50,2024-08-01T18:45:00,false
14,David Jackson,4567890145678903,3840.50,2024-08-01T19:00:00,false
15,Susan Harris,5678901256789014,145.75,2024-08-01T19:15:00,false
16,Robert Martin,6789012367890125,489.99,2024-08-01T19:30:00,false
17,Mary Thompson,7890123478901236,910.25,2024-08-01T19:45:00,false
18,James Garcia,8901234589012347,610.00,2024-08-01T20:00:00,false
19,Patricia Martinez,9012345690123458,896.45,2024-08-01T20:15:00,false
20,Michael Robinson,0123456701234569,255.00,2024-08-01T20:30:00,false
21,Linda Clark,1234567812345670,53.25,2024-08-01T20:45:00,false
22,David Rodriguez,2345678923456781,75.00,2024-08-01T21:00:00,false
23,Susan Lewis,3456789034567892,965.00,2024-08-01T21:15:00,false
24,Robert Lee,4567890145678903,190.00,2024-08-01T21:30:00,false
25,Mary Walker,5678901256789014,340.00,2024-08-01T21:45:00,false
26,James Hall,6789012367890125,452.00,2024-08-01T22:00:00,false
27,Patricia Allen,7890123478901236,1780.00,2024-08-01T22:15:00,false
28,Michael Young,8901234589012347,270.00,2024-08-01T22:30:00,false
29,Linda Hernandez,9012345690123458,350.00,2024-08-01T22:45:00,false
30,David King,0123456701234569,85.00,2024-08-01T23:00:00,false
31,Susan Wright,1234567812345670,980.00,2024-08-01T23:15:00,false
32,Robert Lopez,2345678923456781,640.00,2024-08-01T23:30:00,false
33,Mary Hill,3456789034567892,125.00,2024-08-01T23:45:00,false
34,James Scott,4567890145678903,25000.00,2024-08-02T00:00:00,false
35,Patricia Green,5678901256789014,265.00,2024-08-02T00:15:00,false
36,Michael Adams,6789012367890125,290.00,2024-08-02T00:30:00,false
37,Linda Baker,7890123478901236,370.00,2024-08-02T00:45:00,false
38,David Gonzalez,8901234589012347,450.00,2024-08-02T01:00:00,false
39,Susan Nelson,9012345690123458,510.00,2024-08-02T01:15:00,false
40,Robert Carter,0123456701234569,275.00,2024-08-02T01:30:00,false
41,Mary Mitchell,1234567812345670,95.00,2024-08-02T01:45:00,false
42,James Perez,2345678923456781,360.00,2024-08-02T02:00:00,false
43,Patricia Roberts,3456789034567892,550.00,2024-08-02T02:15:00,false
44,Michael Turner,4567890145678903,615.00,2024-08-02T02:30:00,false
45,Linda Phillips,5678901256789014,420.00,2024-08-02T02:45:00,false
46,David Campbell,6789012367890125,3125.00,2024-08-02T03:00:00,false
47,Susan Parker,7890123478901236,535.00,2024-08-02T03:15:00,false
48,Robert Evans,8901234589012347,295.00,2024-08-02T03:30:00,false
49,Mary Edwards,9012345690123458,3055.00,2024-08-02T03:45:00,false
50,James Collins,0123456701234569,425.00,2024-08-02T04:00:00,false
51,Patricia Stewart,1234567812345670,95.00,2024-08-02T04:15:00,false
52,Michael Sanchez,2345678923456781,555.00,2024-08-02T04:30:00,false
53,Linda Morris,3456789034567892,125.00,2024-08-02T04:45:00,false
54,David Rogers,4567890145678903,10085.00,2024-08-02T05:00:00,false
55,Susan Reed,5678901256789014,745.00,2024-08-02T05:15:00,false
56,Robert Cook,6789012367890125,9010.00,2024-08-02T05:30:00,false
57,Mary Morgan,7890123478901236,875.00,2024-08-02T05:45:00,false
58,James Bell,8901234589012347,235.00,2024-08-02T06:00:00,false
59,Patricia Murphy,9012345690123458,995.00,2024-08-02T06:15:00,false
60,Michael Bailey,0123456701234569,10055.00,2024-08-02T06:30:00,false
61,Linda Rivera,1234567812345670,55.00,2024-08-02T06:45:00,false
62,David Cooper,2345678923456781,475.00,2024-08-02T07:00:00,false
63,Susan Richardson,3456789034567892,1235.00,2024-08-02T07:15:00,false
64,Robert Cox,4567890145678903,295.00,2024-08-02T07:30:00,false
65,Mary Howard,5678901256789014,10355.00,2024-08-02T07:45:00,false
66,James Ward,6789012367890125,1415.00,2024-08-02T08:00:00,false
67,Patricia Torres,7890123478901236,1475.00,2024-08-02T08:15:00,false
68,Michael Peterson,8901234589012347,1535.00,2024-08-02T08:30:00,false
69,Linda Gray,9012345690123458,1595.00,2024-08-02T08:45:00,false
70,David James,0123456701234569,1655.00,2024-08-02T09:00:00,false
71,Susan Bennett,1234567812345670,1715.00,2024-08-02T09:15:00,false
72,Robert Wood,2345678923456781,1775.00,2024-08-02T09:30:00,false
73,Mary Adams,3456789034567892,1835.00,2024-08-02T09:45:00,false
74,James Nelson,4567890145678903,1895.00,2024-08-02T10:00:00,false
75,Patricia Carter,5678901256789014,1955.00,2024-08-02T10:15:00,false
76,Michael Mitchell,6789012367890125,2015.00,2024-08-02T10:30:00,false
77,Linda Perez,7890123478901236,2075.00,2024-08-02T10:45:00,false
78,David Roberts,8901234589012347,2135.00,2024-08-02T11:00:00,false
79,Susan Turner,9012345690123458,2195.00,2024-08-02T11:15:00,false
80,Robert Phillips,0123456701234569,2255.00,2024-08-02T11:30:00,false
81,Mary Campbell,1234567812345670,2315.00,2024-08-02T11:45:00,false
82,James Parker,2345678923456781,2375.00,2024-08-02T12:00:00,false
83,Patricia Evans,3456789034567892,2435.00,2024-08-02T12:15:00,false
84,Michael Edwards,4567890145678903,2495.00,2024-08-02T12:30:00,false
85,Linda Collins,5678901256789014,2555.00,2024-08-02T12:45:00,false
86,David Stewart,6789012367890125,2615.00,2024-08-02T13:00:00,false
87,Susan Sanchez,7890123478901236,2675.00,2024-08-02T13:15:00,false
88,Robert Morris,8901234589012347,275.00,2024-08-02T13:30:00,false
89,Mary Rogers,9012345690123458,2795.00,2024-08-02T13:45:00,false
90,James Reed,0123456701234569,5.00,2024-08-02T14:00:00,false
91,Patricia Cook,1234567812345670,2915.00,2024-08-02T14:15:00,false
92,Michael Bailey,2345678923456781,2975.00,2024-08-02T14:30:00,false
93,Linda Rivera,3456789034567892,31035.00,2024-08-02T14:45:00,false
94,David Cooper,4567890145678903,95.00,2024-08-02T15:00:00,false
95,Susan Richardson,5678901256789014,155.00,2024-08-02T15:15:00,false
96,Robert Cox,6789012367890125,1215.00,2024-08-02T15:30:00,false
97,Mary Howard,7890123478901236,30275.00,2024-08-02T15:45:00,false
98,James Ward,8901234589012347,3335.00,2024-08-02T16:00:00,false
99,Patricia Torres,9012345690123458,55395.00,2024-08-02T16:15:00,false
100,Michael Peterson,0123456701234569,3455.00,2024-08-02T16:30:00,false
101,Alice Johnson,1234567812345670,215.75,2024-08-02T17:00:00,false
102,Bob Davis,2345678923456781,425.00,2024-08-02T17:15:00,false
103,Carol White,3456789034567892,780.30,2024-08-02T17:30:00,false
104,David Harris,4567890145678903,320.50,2024-08-02T17:45:00,false
105,Eve Miller,5678901256789014,950.75,2024-08-02T18:00:00,false
106,Frank Wilson,6789012367890125,340.00,2024-08-02T18:15:00,false
107,Grace Lewis,7890123478901236,1500.00,2024-08-02T18:30:00,false
108,Henry Clark,8901234589012347,650.00,2024-08-02T18:45:00,false
109,Isabella Adams,9012345690123458,1350.50,2024-08-02T19:00:00,false
110,Jack Martin,0123456701234569,295.00,2024-08-02T19:15:00,false
111,Karen Lopez,1234567812345670,235.00,2024-08-02T19:30:00,false
112,Liam Scott,2345678923456781,75.00,2024-08-02T19:45:00,false
113,Mia Thompson,3456789034567892,1050.00,2024-08-02T20:00:00,false
114,Noah Turner,4567890145678903,1220.00,2024-08-02T20:15:00,false
115,Olivia Hill,5678901256789014,285.00,2024-08-02T20:30:00,false
116,Paul Green,6789012367890125,1985.00,2024-08-02T20:45:00,false
117,Quinn Adams,7890123478901236,1540.00,2024-08-02T21:00:00,false
118,Rachel Walker,8901234589012347,485.00,2024-08-02T21:15:00,false
119,Samuel Young,9012345690123458,720.00,2024-08-02T21:30:00,false
120,Tina Roberts,0123456701234569,1475.00,2024-08-02T21:45:00,false
121,Uma White,1234567812345670,2450.00,2024-08-02T22:00:00,false
122,Victor Green,2345678923456781,750.00,2024-08-02T22:15:00,false
123,Willow Johnson,3456789034567892,610.00,2024-08-02T22:30:00,false
124,Xander Smith,4567890145678903,1555.00,2024-08-02T22:45:00,false
125,Yvonne Harris,5678901256789014,1120.00,2024-08-02T23:00:00,false
126,Zachary Davis,6789012367890125,380.00,2024-08-02T23:15:00,false
127,Angela Martinez,7890123478901236,1520.00,2024-08-02T23:30:00,false
128,Benjamin Clark,8901234589012347,3600.00,2024-08-02T23:45:00,false
129,Charlotte Lee,9012345690123458,825.00,2024-08-03T00:00:00,false
130,Derek Evans,0123456701234569,270.00,2024-08-03T00:15:00,false
131,Eleanor Turner,1234567812345670,1700.00,2024-08-03T00:30:00,false
132,Freddie Scott,2345678923456781,1125.00,2024-08-03T00:45:00,false
133,Gloria Moore,3456789034567892,320.00,2024-08-03T01:00:00,false
134,Hank Adams,4567890145678903,1380.00,2024-08-03T01:15:00,false
135,Isabel Wilson,5678901256789014,2550.00,2024-08-03T01:30:00,false
136,Jackie Martinez,6789012367890125,1650.00,2024-08-03T01:45:00,false
137,Ken Rogers,7890123478901236,7000.00,2024-08-03T02:00:00,false
138,Lily Murphy,8901234589012347,490.00,2024-08-03T02:15:00,false
139,Michael Brooks,9012345690123458,750.00,2024-08-03T02:30:00,false
140,Nora Davis,0123456701234569,1260.00,2024-08-03T02:45:00,false
141,Oscar Martinez,1234567812345670,1820.00,2024-08-03T03:00:00,false
142,Paula Lee,2345678923456781,665.00,2024-08-03T03:15:00,false
143,Quincy Thompson,3456789034567892,10500.00,2024-08-03T03:30:00,false
144,Rita Taylor,4567890145678903,570.00,2024-08-03T03:45:00,false
145,Steve Robinson,5678901256789014,305.00,2024-08-03T04:00:00,false
146,Tina Johnson,6789012367890125,2495.00,2024-08-03T04:15:00,false
147,Uriel Scott,7890123478901236,185.00,2024-08-03T04:30:00,false
148,Vanessa Wilson,8901234589012347,430.00,2024-08-03T04:45:00,false
149,William Brown,9012345690123458,645.00,2024-08-03T05:00:00,false
150,Xena White,0123456701234569,1955.00,2024-08-03T05:15:00,false
151,Yuri Clark,1234567812345670,10005.00,2024-08-03T05:30:00,false
152,Zara Harris,2345678923456781,305.00,2024-08-03T05:45:00,false
153,Amos Smith,3456789034567892,545.00,2024-08-03T06:00:00,false
154,Becky Lewis,4567890145678903,290.00,2024-08-03T06:15:00,false
155,Chris Davis,5678901256789014,10035.00,2024-08-03T06:30:00,false
156,Denise White,6789012367890125,500.00,2024-08-03T06:45:00,false
157,Elijah Scott,7890123478901236,2300.00,2024-08-03T07:00:00,false
158,Fiona Robinson,8901234589012347,1465.00,2024-08-03T07:15:00,false
159,George Moore,9012345690123458,3100.00,2024-08-03T07:30:00,false
160,Holly Green,0123456701234569,495.00,2024-08-03T07:45:00,false
161,Isaac Davis,1234567812345670,415.00,2024-08-03T08:00:00,false
162,Julia Lee,2345678923456781,1305.00,2024-08-03T08:15:00,false
163,Kevin Brown,3456789034567892,1220.00,2024-08-03T08:30:00,false
164,Lauren Smith,4567890145678903,420.00,2024-08-03T08:45:00,false
165,Mark Clark,5678901256789014,210.00,2024-08-03T09:00:00,false
166,Natalie Adams,6789012367890125,1450.00,2024-08-03T09:15:00,false
167,Oliver Wilson,7890123478901236,285.00,2024-08-03T09:30:00,false
168,Penelope Johnson,8901234589012347,305.00,2024-08-03T09:45:00,false
169,Quinn Taylor,9012345690123458,6750.00,2024-08-03T10:00:00,false
170,Rick Brown,0123456701234569,1280.00,2024-08-03T10:15:00,false
171,Shirley Green,1234567812345670,990.00,2024-08-03T10:30:00,false
172,Todd White,2345678923456781,1155.00,2024-08-03T10:45:00,false
173,Uma Davis,3456789034567892,680.00,2024-08-03T11:00:00,false
174,Vivian Moore,4567890145678903,2350.00,2024-08-03T11:15:00,false
175,Willis Clark,5678901256789014,800.00,2024-08-03T11:30:00,false
176,Xena Taylor,6789012367890125,895.00,2024-08-03T11:45:00,false
177,Yvonne Scott,7890123478901236,720.00,2024-08-03T12:00:00,false
178,Zachary Harris,8901234589012347,850.00,2024-08-03T12:15:00,false
179,Alan Johnson,9012345690123458,1400.00,2024-08-03T12:30:00,false
180,Betty Brown,0123456701234569,320.00,2024-08-03T12:45:00,false
181,Chris Smith,1234567812345670,700.00,2024-08-03T13:00:00,false
182,Diana Green,2345678923456781,855.00,2024-08-03T13:15:00,false
183,Edward Lee,3456789034567892,3450.00,2024-08-03T13:30:00,false
184,Frances Moore,4567890145678903,295.00,2024-08-03T13:45:00,false
185,George Davis,5678901256789014,600.00,2024-08-03T14:00:00,false
186,Harriet Wilson,6789012367890125,2345.00,2024-08-03T14:15:00,false
187,Ian Brown,7890123478901236,715.00,2024-08-03T14:30:00,false
188,Jane White,8901234589012347,850.00,2024-08-03T14:45:00,false
189,Kevin Clark,9012345690123458,545.00,2024-08-03T15:00:00,false
190,Linda Scott,0123456701234569,1300.00,2024-08-03T15:15:00,false
191,Michael Johnson,1234567812345670,2050.00,2024-08-03T15:30:00,false
192,Nina Adams,2345678923456781,470.00,2024-08-03T15:45:00,false
193,Oscar Martinez,3456789034567892,1200.00,2024-08-03T16:00:00,false
194,Patricia Evans,4567890145678903,150.00,2024-08-03T16:15:00,false
195,Quinn Davis,5678901256789014,3550.00,2024-08-03T16:30:00,false
196,Riley Wilson,6789012367890125,980.00,2024-08-03T16:45:00,false
197,Steve Clark,7890123478901236,1750.00,2024-08-03T17:00:00,false
198,Tracy White,8901234589012347,840.00,2024-08-03T17:15:00,false
199,Uma Scott,9012345690123458,420.00,2024-08-03T17:30:00,false
200,Victor Green,0123456701234569,5800.00,2024-08-03T17:45:00,false
201,Willie Brown,1234567812345670,625.00,2024-08-03T18:00:00,false
202,Xena Harris,2345678923456781,1250.00,2024-08-03T18:15:00,false
203,Yvonne Clark,3456789034567892,875.00,2024-08-03T18:30:00,false
204,Zachary Davis,4567890145678903,3200.00,2024-08-03T18:45:00,false
205,Alison Adams,5678901256789014,410.00,2024-08-03T19:00:00,false
206,Benjamin White,6789012367890125,500.00,2024-08-03T19:15:00,false
207,Carla Green,7890123478901236,950.00,2024-08-03T19:30:00,false
208,Derek Martinez,8901234589012347,1600.00,2024-08-03T19:45:00,false
209,Emily Scott,9012345690123458,400.00,2024-08-03T20:00:00,false
210,Frank Davis,0123456701234569,1555.00,2024-08-03T20:15:00,false
211,Grace Brown,1234567812345670,1250.00,2024-08-03T20:30:00,false
212,Harry Lee,2345678923456781,980.00,2024-08-03T20:45:00,false
213,Ivy Clark,3456789034567892,475.00,2024-08-03T21:00:00,false
214,James Wilson,4567890145678903,6400.00,2024-08-03T21:15:00,false
215,Kimberly Harris,5678901256789014,670.00,2024-08-03T21:30:00,false
216,Liam Green,6789012367890125,1500.00,2024-08-03T21:45:00,false
217,Monica Davis,7890123478901236,355.00,2024-08-03T22:00:00,false
218,Nathan White,8901234589012347,400.00,2024-08-03T22:15:00,false
219,Olivia Clark,9012345690123458,410.00,2024-08-03T22:30:00,false
220,Patrick Brown,0123456701234569,650.00,2024-08-03T22:45:00,false
221,Quincy White,1234567812345670,5200.00,2024-08-03T23:00:00,false
222,Rachel Green,2345678923456781,1985.00,2024-08-03T23:15:00,false
223,Steve Harris,3456789034567892,1265.00,2024-08-03T23:30:00,false
224,Tracy Lee,4567890145678903,2900.00,2024-08-03T23:45:00,false
225,Uma Brown,5678901256789014,1300.00,2024-08-04T00:00:00,false
226,Victor Davis,6789012367890125,425.00,2024-08-04T00:15:00,false
227,Willow Green,7890123478901236,290.00,2024-08-04T00:30:00,false
228,Xander White,8901234589012347,575.00,2024-08-04T00:45:00,false
229,Yvonne Scott,9012345690123458,7800.00,2024-08-04T01:00:00,false
230,Zachary Adams,0123456701234569,1240.00,2024-08-04T01:15:00,false
231,Allison Moore,1234567812345670,3050.00,2024-08-04T01:30:00,false
232,Benjamin Davis,2345678923456781,600.00,2024-08-04T01:45:00,false
233,Carla Smith,3456789034567892,12500.00,2024-08-04T02:00:00,false
234,Derek White,4567890145678903,3400.00,2024-08-04T02:15:00,false
235,Emily Green,5678901256789014,290.00,2024-08-04T02:30:00,false
236,Frank Harris,6789012367890125,795.00,2024-08-04T02:45:00,false
237,Grace Clark,7890123478901236,9800.00,2024-08-04T03:00:00,false
238,Harry Davis,8901234589012347,4250.00,2024-08-04T03:15:00,false
239,Ivy White,9012345690123458,3055.00,2024-08-04T03:30:00,false
240,James Brown,0123456701234569,1260.00,2024-08-04T03:45:00,false
241,Kimberly Davis,1234567812345670,1350.00,2024-08-04T04:00:00,false
242,Liam Wilson,2345678923456781,540.00,2024-08-04T04:15:00,false
243,Monica White,3456789034567892,2100.00,2024-08-04T04:30:00,false
244,Nathan Harris,4567890145678903,4250.00,2024-08-04T04:45:00,false
245,Olivia Davis,5678901256789014,7100.00,2024-08-04T05:00:00,false
246,Patrick White,6789012367890125,1750.00,2024-08-04T05:15:00,false
247,Quincy Adams,7890123478901236,775.00,2024-08-04T05:30:00,false
248,Rachel Brown,8901234589012347,1345.00,2024-08-04T05:45:00,false
249,Steve Green,9012345690123458,3350.00,2024-08-04T06:00:00,false
250,Tracy Adams,0123456701234569,420.00,2024-08-04T06:15:00,false
251,Uma Smith,1234567812345670,975.00,2024-08-04T06:30:00,false
252,Victor White,2345678923456781,6500.00,2024-08-04T06:45:00,false
253,Willow Davis,3456789034567892,430.00,2024-08-04T07:00:00,false
254,Xander Green,4567890145678903,1115.00,2024-08-04T07:15:00,false
255,Yvonne Harris,5678901256789014,500.00,2024-08-04T07:30:00,false
256,Zachary White,6789012367890125,1300.00,2024-08-04T07:45:00,false
257,Allison Green,7890123478901236,5000.00,2024-08-04T08:00:00,false
258,Benjamin Adams,8901234589012347,725.00,2024-08-04T08:15:00,false
259,Carla Davis,9012345690123458,2125.00,2024-08-04T08:30:00,false
260,Derek Brown,0123456701234569,3100.00,2024-08-04T08:45:00,false
261,Emily White,1234567812345670,3900.00,2024-08-04T09:00:00,false
262,Frank Green,2345678923456781,1450.00,2024-08-04T09:15:00,false
263,Grace Davis,3456789034567892,5500.00,2024-08-04T09:30:00,false
264,Harry White,4567890145678903,895.00,2024-08-04T09:45:00,false
265,Ivy Harris,5678901256789014,21500.00,2024-08-04T10:00:00,false
266,James Davis,6789012367890125,7700.00,2024-08-04T10:15:00,false
267,Kimberly Brown,7890123478901236,10250.00,2024-08-04T10:30:00,false
268,Liam Green,8901234589012347,3900.00,2024-08-04T10:45:00,false
269,Monica Harris,9012345690123458,4250.00,2024-08-04T11:00:00,false
270,Nathan White,0123456701234569,20350.00,2024-08-04T11:15:00,false
271,Olivia Adams,1234567812345670,6700.00,2024-08-04T11:30:00,false
272,Patrick Davis,2345678923456781,875.00,2024-08-04T11:45:00,false
273,Quincy Green,3456789034567892,1950.00,2024-08-04T12:00:00,false
274,Rachel White,4567890145678903,1025.00,2024-08-04T12:15:00,false
275,Steve Harris,5678901256789014,2800.00,2024-08-04T12:30:00,false
276,Tracy Brown,6789012367890125,1355.00,2024-08-04T12:45:00,false
277,Uma Davis,7890123478901236,5500.00,2024-08-04T13:00:00,false
278,Victor Harris,8901234589012347,2550.00,2024-08-04T13:15:00,false
279,Willow White,9012345690123458,3750.00,2024-08-04T13:30:00,false
280,Xander Green,0123456701234569,5050.00,2024-08-04T13:45:00,false
281,Yvonne Davis,1234567812345670,9800.00,2024-08-04T14:00:00,false
282,Zachary Brown,2345678923456781,1300.00,2024-08-04T14:15:00,false
283,Allison White,3456789034567892,4300.00,2024-08-04T14:30:00,false
284,Benjamin Harris,4567890145678903,3250.00,2024-08-04T14:45:00,false
285,Carla Green,5678901256789014,12500.00,2024-08-04T15:00:00,false
286,Derek Davis,6789012367890125,2750.00,2024-08-04T15:15:00,false
287,Emily Brown,7890123478901236,1500.00,2024-08-04T15:30:00,false
288,Frank White,8901234589012347,3450.00,2024-08-04T15:45:00,false
289,Grace Harris,9012345690123458,12250.00,2024-08-04T16:00:00,false
290,Harry Davis,0123456701234569,2900.00,2024-08-04T16:15:00,false
291,Ivy White,1234567812345670,5400.00,2024-08-04T16:30:00,false
292,James Green,2345678923456781,8500.00,2024-08-04T16:45:00,false
293,Kimberly Brown,3456789034567892,660.00,2024-08-04T17:00:00,false
294,Liam Davis,4567890145678903,9050.00,2024-08-04T17:15:00,false
295,Monica White,5678901256789014,5000.00,2024-08-04T17:30:00,false
296,Nathan Brown,6789012367890125,1300.00,2024-08-04T17:45:00,false
297,Olivia Davis,7890123478901236,2250.00,2024-08-04T18:00:00,false
298,Patrick White,8901234589012347,1050.00,2024-08-04T18:15:00,false
299,Quincy Harris,9012345690123458,4400.00,2024-08-04T18:30:00,false
300,Rachel Brown,0123456701234569,5100.00,2024-08-04T18:45:00,false
301,Steve Davis,1234567812345670,8900.00,2024-08-04T19:00:00,false
302,Tracy White,2345678923456781,2250.00,2024-08-04T19:15:00,false
303,Uma Green,3456789034567892,3400.00,2024-08-04T19:30:00,false
304,Victor Brown,4567890145678903,15500.00,2024-08-04T19:45:00,false
305,Willow Davis,5678901256789014,6500.00,2024-08-04T20:00:00,false
306,Xander White,6789012367890125,1450.00,2024-08-04T20:15:00,false
307,Yvonne Green,7890123478901236,2750.00,2024-08-04T20:30:00,false
308,Zachary Davis,8901234589012347,4300.00,2024-08-04T20:45:00,false
309,Allison White,9012345690123458,4800.00,2024-08-04T21:00:00,false
310,Benjamin Brown,0123456701234569,2100.00,2024-08-04T21:15:00,false
311,Carla Davis,1234567812345670,8200.00,2024-08-04T21:30:00,false
312,Derek Green,2345678923456781,620.00,2024-08-04T21:45:00,false
313,Emily White,3456789034567892,3950.00,2024-08-04T22:00:00,false
314,Frank Brown,4567890145678903,7000.00,2024-08-04T22:15:00,false
315,Grace Davis,5678901256789014,1250.00,2024-08-04T22:30:00,false
316,Harry Green,6789012367890125,2150.00,2024-08-04T22:45:00,false
317,Ivy White,7890123478901236,8250.00,2024-08-04T23:00:00,false
318,James Brown,8901234589012347,2550.00,2024-08-04T23:15:00,false
319,Kimberly Davis,9012345690123458,1235.00,2024-08-04T23:30:00,false
320,Liam Green,0123456701234569,5400.00,2024-08-04T23:45:00,false
321,Monica White,1234567812345670,12500.00,2024-08-05T00:00:00,false
322,Nathan Brown,2345678923456781,1025.00,2024-08-05T00:15:00,false
323,Olivia Davis,3456789034567892,550.00,2024-08-05T00:30:00,false
324,Patrick White,4567890145678903,3400.00,2024-08-05T00:45:00,false
325,Quincy Green,5678901256789014,6600.00,2024-08-05T01:00:00,false
326,Rachel Brown,6789012367890125,2500.00,2024-08-05T01:15:00,false
327,Steve Davis,7890123478901236,1800.00,2024-08-05T01:30:00,false
328,Tracy White,8901234589012347,1900.00,2024-08-05T01:45:00,false
329,Uma Green,9012345690123458,3700.00,2024-08-05T02:00:00,false
330,Victor Brown,0123456701234569,10150.00,2024-08-05T02:15:00,false
331,Willow Davis,1234567812345670,2650.00,2024-08-05T02:30:00,false
332,Xander White,2345678923456781,9800.00,2024-08-05T02:45:00,false
333,Yvonne Green,3456789034567892,2400.00,2024-08-05T03:00:00,false
334,Zachary Brown,4567890145678903,10000.00,2024-08-05T03:15:00,false
335,Allison Davis,5678901256789014,3100.00,2024-08-05T03:30:00,false
336,Benjamin White,6789012367890125,3600.00,2024-08-05T03:45:00,false
337,Carla Green,7890123478901236,2900.00,2024-08-05T04:00:00,false
338,Derek Brown,8901234589012347,1350.00,2024-08-05T04:15:00,false
339,Emily Davis,9012345690123458,2200.00,2024-08-05T04:30:00,false
340,Frank Green,0123456701234569,1250.00,2024-08-05T04:45:00,false
341,Grace White,1234567812345670,700.00,2024-08-05T05:00:00,false
342,Harry Brown,2345678923456781,30450.00,2024-08-05T05:15:00,false
343,Ivy Davis,3456789034567892,8300.00,2024-08-05T05:30:00,false
344,James Green,4567890145678903,5700.00,2024-08-05T05:45:00,false
345,Kimberly White,5678901256789014,3550.00,2024-08-05T06:00:00,false
346,Liam Brown,6789012367890125,2450.00,2024-08-05T06:15:00,false
347,Monica Davis,7890123478901236,2700.00,2024-08-05T06:30:00,false
348,Nathan Green,8901234589012347,8550.00,2024-08-05T06:45:00,false
349,Olivia White,9012345690123458,4500.00,2024-08-05T07:00:00,false
350,Patrick Brown,0123456701234569,2800.00,2024-08-05T07:15:00,false
351,Quincy Davis,1234567812345670,5400.00,2024-08-05T07:30:00,false
352,Rachel Green,2345678923456781,1000.00,2024-08-05T07:45:00,false
353,Steve White,3456789034567892,4450.00,2024-08-05T08:00:00,false
354,Tracy Brown,4567890145678903,9250.00,2024-08-05T08:15:00,false
355,Uma Davis,5678901256789014,56000.00,2024-08-05T08:30:00,false
356,Victor Green,6789012367890125,2750.00,2024-08-05T08:45:00,false
357,Willow White,7890123478901236,3400.00,2024-08-05T09:00:00,false
358,Xander Davis,8901234589012347,1245.00,2024-08-05T09:15:00,false
359,Yvonne Brown,9012345690123458,4450.00,2024-08-05T09:30:00,false
360,Zachary Green,0123456701234569,5500.00,2024-08-05T09:45:00,false
361,Allison White,1234567812345670,1450.00,2024-08-05T10:00:00,false
362,Benjamin Green,2345678923456781,3600.00,2024-08-05T10:15:00,false
363,Carla Brown,3456789034567892,5150.00,2024-08-05T10:30:00,false
364,Derek Davis,4567890145678903,1450.00,2024-08-05T10:45:00,false
365,Emily Green,5678901256789014,3750.00,2024-08-05T11:00:00,false
366,Frank White,6789012367890125,5900.00,2024-08-05T11:15:00,false
367,Grace Brown,7890123478901236,42050.00,2024-08-05T11:30:00,false
368,Harry Davis,8901234589012347,2500.00,2024-08-05T11:45:00,false
369,Ivy Green,9012345690123458,1150.00,2024-08-05T12:00:00,false
370,James White,0123456701234569,6500.00,2024-08-05T12:15:00,false
371,Kimberly Brown,1234567812345670,2450.00,2024-08-05T12:30:00,false
372,Liam Davis,2345678923456781,32300.00,2024-08-05T12:45:00,false
373,Monica Green,3456789034567892,7400.00,2024-08-05T13:00:00,false
374,Nathan White,4567890145678903,5000.00,2024-08-05T13:15:00,false
375,Olivia Brown,5678901256789014,2700.00,2024-08-05T13:30:00,false
376,Patrick Davis,6789012367890125,3150.00,2024-08-05T13:45:00,false
377,Quincy Green,7890123478901236,2200.00,2024-08-05T14:00:00,false
378,Rachel White,8901234589012347,1100.00,2024-08-05T14:15:00,false
379,Steve Brown,9012345690123458,1600.00,2024-08-05T14:30:00,false
380,Tracy Green,0123456701234569,2900.00,2024-08-05T14:45:00,false
381,Uma White,1234567812345670,2900.00,2024-08-05T15:00:00,false
382,Victor Brown,2345678923456781,1500.00,2024-08-05T15:15:00,false
383,Willow Davis,3456789034567892,300.00,2024-08-05T15:30:00,false
384,Xander Green,4567890145678903,450.00,2024-08-05T15:45:00,false
385,Yvonne White,5678901256789014,6300.00,2024-08-05T16:00:00,false
386,Zachary Brown,6789012367890125,7150.00,2024-08-05T16:15:00,false
387,Allison Davis,7890123478901236,8300.00,2024-08-05T16:30:00,false
388,Benjamin Green,8901234589012347,9000.00,2024-08-05T16:45:00,false
389,Carla White,9012345690123458,1450.00,2024-08-05T17:00:00,false
390,Derek Brown,0123456701234569,150.00,2024-08-05T17:15:00,false
391,Emily Davis,1234567812345670,185.00,2024-08-05T17:30:00,false
392,Frank Green,2345678923456781,30000.00,2024-08-05T17:45:00,false
393,Grace White,3456789034567892,29520.00,2024-08-05T18:00:00,false
394,Harry Brown,4567890145678903,2200.00,2024-08-05T18:15:00,false
395,Ivy Davis,5678901256789014,2800.00,2024-08-05T18:30:00,false
396,James Green,6789012367890125,3600.00,2024-08-05T18:45:00,false
397,Kimberly White,7890123478901236,550.00,2024-08-05T19:00:00,false
398,Liam Brown,8901234589012347,310.00,2024-08-05T19:15:00,false
399,Monica Davis,9012345690123458,1450.00,2024-08-05T19:30:00,false
400,Nathan Green,0123456701234569,355.00,2024-08-05T19:45:00,false
401,Olivia White,1234567812345670,1150.00,2024-08-05T20:00:00,false
402,Patrick Brown,2345678923456781,11200.00,2024-08-05T20:15:00,false
403,Quincy Davis,3456789034567892,45050.00,2024-08-05T20:30:00,false
404,Rachel Green,4567890145678903,3550.00,2024-08-05T20:45:00,false
405,Steve White,5678901256789014,2750.00,2024-08-05T21:00:00,false
406,Tracy Brown,6789012367890125,4900.00,2024-08-05T21:15:00,false
407,Uma Davis,7890123478901236,5750.00,2024-08-05T21:30:00,false
408,Victor Green,8901234589012347,3100.00,2024-08-05T21:45:00,false
409,Willow White,9012345690123458,2450.00,2024-08-05T22:00:00,false
410,Xander Brown,0123456701234569,5350.00,2024-08-05T22:15:00,false
411,Yvonne Davis,1234567812345670,36750.00,2024-08-05T22:30:00,false
412,Zachary Green,2345678923456781,1150.00,2024-08-05T22:45:00,false
413,Allison White,3456789034567892,130.00,2024-08-05T23:00:00,false
414,Benjamin Brown,4567890145678903,2900.00,2024-08-05T23:15:00,false
415,Carla Davis,5678901256789014,2550.00,2024-08-05T23:30:00,false
416,Derek Green,6789012367890125,4900.00,2024-08-05T23:45:00,false
417,Emily White,7890123478901236,4800.00,2024-08-06T00:00:00,false
418,Frank Brown,8901234589012347,5250.00,2024-08-06T00:15:00,false
419,Grace Davis,9012345690123458,4500.00,2024-08-06T00:30:00,false
420,Harry Green,0123456701234569,1650.00,2024-08-06T00:45:00,false
421,Ivy White,1234567812345670,3250.00,2024-08-06T01:00:00,false
422,James Brown,2345678923456781,4300.00,2024-08-06T01:15:00,false
423,Kimberly Davis,3456789034567892,2900.00,2024-08-06T01:30:00,false
424,Liam Green,4567890145678903,10000.00,2024-08-06T01:45:00,false
425,Monica White,5678901256789014,2650.00,2024-08-06T02:00:00,false
426,Nathan Brown,6789012367890125,3700.00,2024-08-06T02:15:00,false
427,Olivia Davis,7890123478901236,3050.00,2024-08-06T02:30:00,false
428,Patrick Green,8901234589012347,2250.00,2024-08-06T02:45:00,false
429,Quincy White,9012345690123458,2750.00,2024-08-06T03:00:00,false
430,Rachel Brown,0123456701234569,3700.00,2024-08-06T03:15:00,false
431,Steve Davis,1234567812345670,1350.00,2024-08-06T03:30:00,false
432,Tracy Green,2345678923456781,2600.00,2024-08-06T03:45:00,false
433,Uma White,3456789034567892,23300.00,2024-08-06T04:00:00,false
434,Victor Brown,4567890145678903,550.00,2024-08-06T04:15:00,false
435,Willow Davis,5678901256789014,2250.00,2024-08-06T04:30:00,false
436,Xander White,6789012367890125,850.00,2024-08-06T04:45:00,false
437,Yvonne Green,7890123478901236,20.00,2024-08-06T05:00:00,false
438,Zachary Davis,8901234589012347,3450.00,2024-08-06T05:15:00,false
439,Allison Brown,9012345690123458,5500.00,2024-08-06T05:30:00,false
440,Benjamin Green,0123456701234569,1550.00,2024-08-06T05:45:00,false
441,Carla White,1234567812345670,3700.00,2024-08-06T06:00:00,false
442,Derek Brown,2345678923456781,2600.00,2024-08-06T06:15:00,false
443,Emily Davis,3456789034567892,20000.00,2024-08-06T06:30:00,false
444,Frank Green,4567890145678903,1450.00,2024-08-06T06:45:00,false
445,Grace White,5678901256789014,4300.00,2024-08-06T07:00:00,false
446,Harry Davis,6789012367890125,1500.00,2024-08-06T07:15:00,false
447,Ivy Brown,7890123478901236,3500.00,2024-08-06T07:30:00,false
448,James Green,8901234589012347,1150.00,2024-08-06T07:45:00,false
449,Kimberly White,9012345690123458,2950.00,2024-08-06T08:00:00,false
450,Liam Davis,0123456701234569,4300.00,2024-08-06T08:15:00,false
451,Monica Green,1234567812345670,3850.00,2024-08-06T08:30:00,false
452,Nathan White,2345678923456781,1500.00,2024-08-06T08:45:00,false
453,Olivia Brown,3456789034567892,1550.00,2024-08-06T09:00:00,false
454,Patrick Davis,4567890145678903,3250.00,2024-08-06T09:15:00,false
455,Quincy Green,5678901256789014,3000.00,2024-08-06T09:30:00,false
456,Rachel White,6789012367890125,3150.00,2024-08-06T09:45:00,false
457,Steve Brown,7890123478901236,3200.00,2024-08-06T10:00:00,false
458,Tracy Davis,8901234589012347,3550.00,2024-08-06T10:15:00,false
459,Uma Green,9012345690123458,3500.00,2024-08-06T10:30:00,false
460,Victor White,0123456701234569,2750.00,2024-08-06T10:45:00,false
461,Willow Brown,1234567812345670,3250.00,2024-08-06T11:00:00,false
462,Xander Davis,2345678923456781,4950.00,2024-08-06T11:15:00,false
463,Yvonne White,3456789034567892,2250.00,2024-08-06T11:30:00,false
464,Zachary Green,4567890145678903,5500.00,2024-08-06T11:45:00,false
465,Allison Brown,5678901256789014,4950.00,2024-08-06T12:00:00,false
466,Benjamin Davis,6789012367890125,3400.00,2024-08-06T12:15:00,false
467,Carla Green,7890123478901236,2250.00,2024-08-06T12:30:00,false
468,Derek White,8901234589012347,4150.00,2024-08-06T12:45:00,false
469,Emily Brown,9012345690123458,25500.00,2024-08-06T13:00:00,false
470,Frank Davis,0123456701234569,1000.00,2024-08-06T13:15:00,false
471,Grace Green,1234567812345670,2100.00,2024-08-06T13:30:00,false
472,Harry White,2345678923456781,1250.00,2024-08-06T13:45:00,false
473,Ivy Brown,3456789034567892,3400.00,2024-08-06T14:00:00,false
474,James Davis,4567890145678903,4900.00,2024-08-06T14:15:00,false
475,Kimberly Green,5678901256789014,4500.00,2024-08-06T14:30:00,false
476,Liam White,6789012367890125,3900.00,2024-08-06T14:45:00,false
477,Monica Brown,7890123478901236,1150.00,2024-08-06T15:00:00,false
478,Nathan Davis,8901234589012347,2650.00,2024-08-06T15:15:00,false
479,Olivia Green,9012345690123458,4950.00,2024-08-06T15:30:00,false
480,Patrick White,0123456701234569,3200.00,2024-08-06T15:45:00,false
481,Quincy Brown,1234567812345670,3750.00,2024-08-06T16:00:00,false
482,Rachel Davis,2345678923456781,2150.00,2024-08-06T16:15:00,false
483,Steve Green,3456789034567892,3400.00,2024-08-06T16:30:00,false
484,Tracy White,4567890145678903,10150.00,2024-08-06T16:45:00,false
485,Uma Brown,5678901256789014,4050.00,2024-08-06T17:00:00,false
486,Victor Davis,6789012367890125,21300.00,2024-08-06T17:15:00,false
487,Willow Green,7890123478901236,3150.00,2024-08-06T17:30:00,false
488,Xander White,8901234589012347,4950.00,2024-08-06T17:45:00,false
489,Yvonne Brown,9012345690123458,2650.00,2024-08-06T18:00:00,false
490,Zachary Davis,0123456701234569,1250.00,2024-08-06T18:15:00,false
491,Allison Green,1234567812345670,20850.00,2024-08-06T18:30:00,false
492,Benjamin White,2345678923456781,15350.00,2024-08-06T18:45:00,false
493,Carla Davis,3456789034567892,3200.00,2024-08-06T19:00:00,false
494,Derek Green,4567890145678903,1400.00,2024-08-06T19:15:00,false
495,Emily White,5678901256789014,4950.00,2024-08-06T19:30:00,false
496,Frank Brown,6789012367890125,3450.00,2024-08-06T19:45:00,false
497,Grace Davis,7890123478901236,2500.00,2024-08-06T20:00:00,false
498,Harry Green,8901234589012347,1950.00,2024-08-06T20:15:00,false
499,Ivy White,9012345690123458,1450.00,2024-08-06T20:30:00,false